{"current":{"enable_wide_layout":true,"color_topbar_bg":"#2a2a2d","color_body_bg":"#ffffff","color_footer_bg":"#2a2a2d","color_borders":"#bebebe","color_primary":"#0dcb14","color_button_primary_text":"#ffffff","color_topbar_text":"#f0f7f4","color_header_text":"#2a2a2d","color_body_text":"#2a2a2d","color_footer_text":"#f0f7f4","color_footer_social_link":"#0dcb14","type_base_family":"pt_serif_n4","type_base_size":"17px","type_header_family":"source_sans_pro_n7","type_header_size":"32px","type_accent_family":"source_sans_pro_n7","type_accent_size":"16px","type_accent_transform":true,"type_accent_spacing":true,"favicon":"shopify:\/\/shop_images\/vinnys-logo.png","social_twitter_link":"https:\/\/twitter.com\/stevesmusic?s=20&t=XUKnP0pEgB6RsO9qr7aTJQ","social_facebook_link":"https:\/\/www.facebook.com\/stevesmusic.ca\/","social_pinterest_link":"https:\/\/pin.it\/2ojbdqA","social_instagram_link":"https:\/\/www.instagram.com\/stevesmusic\/","share_facebook":true,"share_twitter":false,"share_pinterest":true,"social_sharing_style":"is-clean","checkout_header_image":"","checkout_logo_image":"","checkout_logo_position":"left","checkout_logo_size":"medium","checkout_body_background_image":"","checkout_body_background_color":"#ffffff","checkout_input_background_color_mode":"white","checkout_sidebar_background_image":"","checkout_sidebar_background_color":"#fafafa","checkout_heading_font":"Helvetica Neue","checkout_body_font":"Helvetica Neue","checkout_accent_color":"#767676","checkout_button_color":"#e42c00","checkout_error_color":"#e42c00","collections_center_grid_link":false,"sections":{"header":{"type":"header","settings":{"header_search_enable":true,"logo":"shopify:\/\/shop_images\/vinnys-logo.png","logo_max_width":"60","nav_menu":"main-menu","nav_below_logo":false,"left_aligned_logo":true,"show_header_lines":true,"show_announcement":true,"header_text":"Vinny's Vintage Keys","announcement_link":"shopify:\/\/collections"}},"footer":{"type":"footer","blocks":{"footer-0":{"type":"blog","settings":{"blog":"news"}},"footer-1":{"type":"menu","settings":{"menu_title":"Links","menu":"footer"}},"footer-2":{"type":"social","settings":{}},"footer-3":{"type":"newsletter","settings":{"subtext":"<p>Sign up for the latest news, offers and styles<\/p>"}}},"block_order":["footer-0","footer-1","footer-2","footer-3"],"settings":{"show_methods_of_payment":true}},"slider":{"type":"slider","blocks":{"slider-0":{"type":"image","settings":{"image":"shopify:\/\/shop_images\/hand-on-mixer.jpg","alignment":"center center","overlay_opacity":23,"color_text":"#ffffff","text_alignment":"left","slide_heading":"Drum Machines","button_label":"","button_link":""}},"slider-1":{"type":"image","settings":{"image":"shopify:\/\/shop_images\/texture-knob-and-synthesizer-dials.jpg","alignment":"center top","overlay_opacity":30,"color_text":"#ffffff","text_alignment":"left","slide_heading":"Synthesizers","button_label":"","button_link":""}},"slider-2":{"type":"image","settings":{"image":"shopify:\/\/shop_images\/eko-tee_red.png","alignment":"right top","overlay_opacity":50,"color_text":"#ffffff","text_alignment":"left","slide_heading":"Clothing","button_label":"","button_link":""}}},"block_order":["slider-0","slider-1","slider-2"],"settings":{"slider_height":"small","slider_autorotate":false,"slider_autorotate_rate":5,"slider_home_transition":"fade","text_size":"medium"}},"featured-collection":{"type":"featured-collection","settings":{"title":"Popular this week","featured_collection":"synthesizers","num_per_row":3,"num_rows":3,"vendor_enable":false,"show_sale_circle":true,"show_sold_out_circle":true,"center_grid_link":false}},"collection-list":{"type":"collection-list","settings":{}},"product-template":{"type":"product-template","settings":{"product_vendor_enable":true,"product_quantity_enable":false,"product_image_zoom_type":"lightbox","product_thumbnails_position":"right","show_extra_tab":false,"extra_tab_content":"","social_sharing":false}},"collection-template":{"type":"collection-template","settings":{"vendor_enable":true,"show_sale_circle":true,"show_sold_out_circle":true,"sort_enable":true,"tags_enable":true,"center_grid_link":false}},"article-template":{"type":"article-template","settings":{"article_author_enable":false,"social_sharing":false}},"featured-product":{"type":"featured-product","settings":{"featured_product":"con-brio-ads-200","product_vendor_enable":true,"product_quantity_enable":false,"product_image_zoom_type":"lightbox","social_sharing":true,"enable_payment_button":true,"add_to_cart_width":"small"}},"featured-blog":{"type":"featured-blog","disabled":true,"settings":{"title":"News","blog":"news","post_limit":2,"blog_show_date":true,"blog_show_author":false,"blog_show_image":false,"blog_show_excerpt":true,"show_view_all":false}},"16454159296761b096":{"type":"custome-cookie-banner","settings":{"custom_text_title":"Cookies Notification","custom_text_body":"<p>This website uses <em>cookies<\/em> to ensure you get the best experience on our website. <\/p>","background-color":"#0fd516","font-color":"#2a2a2d"}},"16454234481e3be408":{"type":"custom-html","settings":{"custom_html":"<div id=\"instagram-stories-box\"><\/div>"}},"16454245759314be3f":{"type":"newsletter","settings":{"heading":"Subscribe to our newsletter","subtext":"<p>Promotions, new products and sales. Directly to your inbox.<\/p>","color_bg":"#767676"}},"1645570715759daf4b":{"type":"collection-list","blocks":{"1645570715759daf4b-0":{"type":"collection","settings":{"collection":"drum-machines"}},"1645570715759daf4b-1":{"type":"collection","settings":{"collection":"synthesizers"}},"1645570715759daf4b-2":{"type":"collection","settings":{"collection":"clothing"}}},"block_order":["1645570715759daf4b-0","1645570715759daf4b-1","1645570715759daf4b-2"],"settings":{"title":""}},"collection-template-synthesizer":{"type":"collection-template-synthesizer","settings":{"selected_image":"shopify:\/\/shop_images\/texture-knob-and-synthesizer-dials.jpg","image_link":""}},"list-collections-template":{"type":"list-collections-template","settings":{"display_type":"all","sort":"alphabetical","grid":"3"}},"collection-template-drum-machine":{"type":"collection-template-drum-machine","settings":{"selected_image":"shopify:\/\/shop_images\/hand-on-mixer.jpg","image_link":""}},"collection-template-clothing":{"type":"collection-template-clothing","settings":{"selected_image":"shopify:\/\/shop_images\/eko-tee_red.png","image_link":""}},"1645596638889c413e":{"type":"bootstrap-cards","settings":{"card_image":"shopify:\/\/shop_images\/akai-mpc2000.png","custom_text_title":"MPC 2000","custom_text_body":"The MPC2000 (1997) is a professional and user-expandable 64-track sampler-sequencer workstation. Its sampler is like the S-2000 which comes with 2MB sample memory which can be expanded to 32MB.","custom_link_button":"shopify:\/\/products\/akai-mpc2000","custom_text_button":"See More","card_image2":"shopify:\/\/shop_images\/crumar-spirit.png","custom_text_title2":"Crumar Spirit","custom_text_body2":"The Spirit synthesizer from Crumar was an analog synthesizer designed by Bob Moog, Jill Scott, and, Tom Rhea. It features 2 oscillators with basic sawtooth, triangle and square waves that can be synced together.","custom_link_button2":"shopify:\/\/products\/crumar-spirit-synth","custom_text_button2":"See more","card_image3":"shopify:\/\/shop_images\/yamaha-sy1.png","custom_text_title3":"Yamaha SY-1","custom_text_body3":"The SY-1 and SY-2 are the first compact\/portable analog synthesizers produced by Yamaha. They are single-VCO synthesizers (derived from the GX-1) with preset sounds and basic synthesis capabilities.","custom_link_button3":"shopify:\/\/products\/yamaha-sy-1-1974","custom_text_button3":"See more","btn-color":"#0dcb14"}}},"content_for_index":["16454159296761b096","slider","16454234481e3be408","1645570715759daf4b","16454245759314be3f","featured-product","featured-collection","featured-blog","1645596638889c413e"]},"presets":{"Vintage":{"color_topbar_bg":"#1b1e2f","color_body_bg":"#faf9f7","color_footer_bg":"#1b1e2f","color_borders":"#faf9f7","color_primary":"#d77e6a","color_button_primary_text":"#ffffff","color_topbar_text":"#ffffff","color_header_text":"#1b1e2f","color_body_text":"#1b1e2f","color_footer_text":"#f2f0ee","color_footer_social_link":"#f2f0ee","type_base_family":"helvetica_n4","type_base_size":"16px","type_header_family":"crimson_text_n7","type_header_size":"30px","type_accent_family":"pt_sans_n7","type_accent_size":"14px","type_accent_transform":true,"type_accent_spacing":true,"share_facebook":true,"share_twitter":true,"share_pinterest":true,"social_sharing_style":"normal","checkout_header_image":"","checkout_logo_image":"","checkout_logo_position":"left","checkout_logo_size":"medium","checkout_body_background_image":"","checkout_body_background_color":"#fff","checkout_input_background_color_mode":"white","checkout_sidebar_background_image":"","checkout_sidebar_background_color":"#fafafa","checkout_heading_font":"Arvo","checkout_body_font":"Helvetica Neue","checkout_accent_color":"#0081a3","checkout_button_color":"#0081a3","checkout_error_color":"#e42c00","collections_center_grid_link":false,"sections":{"header":{"type":"header","settings":{"header_search_enable":true,"logo_max_width":"90","nav_below_logo":false,"left_aligned_logo":true,"show_header_lines":true}},"footer":{"type":"footer","blocks":{"footer-0":{"type":"blog","settings":{"blog":"news"}},"footer-1":{"type":"menu","settings":{"menu":"footer"}},"footer-2":{"type":"social","settings":{}},"footer-3":{"type":"newsletter","settings":{}}},"block_order":["footer-0","footer-1","footer-2","footer-3"],"settings":{"show_methods_of_payment":true}},"slider":{"type":"slider","blocks":{"slider-0":{"type":"image","settings":{}},"slider-1":{"type":"image","settings":{}},"slider-2":{"type":"image","settings":{}}},"block_order":["slider-0","slider-1","slider-2"],"settings":{"slider_autorotate":false,"slider_autorotate_rate":5,"slider_home_transition":"fade"}},"featured-collection":{"type":"featured-collection","settings":{"title":"Popular this week","featured_collection":"frontpage","num_per_row":4,"num_rows":2,"vendor_enable":false,"show_sale_circle":true,"show_sold_out_circle":true,"center_grid_link":false}},"collection-list":{"type":"collection-list","settings":{}},"product-template":{"type":"product-template","settings":{"product_vendor_enable":true,"product_quantity_enable":false,"product_image_zoom_type":"lightbox","product_thumbnails_position":"right","show_extra_tab":false,"extra_tab_content":"","social_sharing":false}},"collection-template":{"type":"collection-template","settings":{"vendor_enable":true,"show_sale_circle":true,"show_sold_out_circle":true,"sort_enable":true,"tags_enable":true,"center_grid_link":false}},"article-template":{"type":"article-template","settings":{"article_author_enable":false,"social_sharing":false}},"featured-product":{"type":"featured-product","settings":{"product_vendor_enable":false,"product_quantity_enable":false,"product_image_zoom_type":"lightbox","social_sharing":false}},"featured-blog":{"type":"featured-blog","settings":{"title":"News","blog":"news","post_limit":2,"blog_show_date":true,"blog_show_author":false,"blog_show_image":false,"blog_show_excerpt":true,"show_view_all":false}}},"content_for_index":["slider","featured-blog","featured-collection","featured-product"]},"Fashion":{"enable_wide_layout":true,"color_body_bg":"#ffffff","color_footer_bg":"#ffffff","color_borders":"#dddddd","color_topbar_bg":"#403b37","color_topbar_text":"#ffffff","color_primary":"#f25c54","color_button_primary_text":"#ffffff","color_header_text":"#403b37","color_body_text":"#403b37","color_footer_text":"#403b37","color_footer_social_link":"#403b37","type_base_family":"pt_sans_n4","type_base_size":"16px","type_header_family":"optima_nova_n7","type_header_size":"32px","type_accent_family":"optima_nova_n4","type_accent_size":"16px","type_accent_transform":true,"type_accent_spacing":true,"favicon_enable":false,"social_sharing_style":"normal","share_facebook":true,"share_twitter":true,"share_pinterest":true,"checkout_heading_font":"Helvetica Neue","checkout_body_font":"Helvetica Neue","checkout_accent_color":"#e42c00","checkout_button_color":"#e42c00","checkout_error_color":"#e42c00","sections":{"header":{"type":"header","settings":{"header_search_enable":true,"logo_max_width":"450","nav_below_logo":false,"left_aligned_logo":true,"show_header_lines":true}},"footer":{"type":"footer","blocks":{"footer-0":{"type":"menu","settings":{"menu_title":"Links","menu":"footer"}},"footer-1":{"type":"blog","settings":{"blog":"news"}},"footer-2":{"type":"social","settings":{}},"footer-3":{"type":"newsletter","settings":{}}},"block_order":["footer-0","footer-1","footer-2","footer-3"],"settings":{"show_methods_of_payment":true}},"slider":{"type":"slider","blocks":{"slider-0":{"type":"image","settings":{}},"slider-1":{"type":"image","settings":{}}},"block_order":["slider-0","slider-1"],"settings":{"slider_autorotate":false,"slider_autorotate_rate":5,"slider_home_transition":"fade"}},"featured-collection":{"type":"featured-collection","settings":{"featured_collection":"frontpage","num_per_row":4,"num_rows":1}},"collection-list":{"type":"collection-list","settings":{}},"feature-row-0":{"type":"feature-row","settings":{"layout":"right"}},"feature-row-1":{"type":"feature-row","settings":{"layout":"left"}},"map":{"type":"map","settings":{}},"product-template":{"type":"product-template","settings":{"product_vendor_enable":true,"product_quantity_enable":true,"product_image_zoom_type":"zoom-in","product_thumbnails_position":"below","social_sharing":true}},"collection-template":{"type":"collection-template","settings":{"vendor_enable":true,"show_sale_circle":true,"show_sold_out_circle":true,"sort_enable":true,"tags_enable":true,"center_grid_link":false}}},"content_for_index":["slider","featured-collection","feature-row-0","feature-row-1","map"]},"Modern":{"enable_wide_layout":false,"color_topbar_bg":"#cbd5cc","color_body_bg":"#ffffff","color_footer_bg":"rgba(0,0,0,0)","color_borders":"#ebebeb","color_primary":"#59756f","color_button_primary_text":"#ffffff","color_topbar_text":"#000000","color_header_text":"#000000","color_body_text":"#000000","color_footer_text":"#000000","color_footer_social_link":"#59756f","type_base_family":"pt_serif_n4","type_base_size":"17px","type_header_family":"source_sans_pro_n7","type_header_size":"32px","type_accent_family":"source_sans_pro_n7","type_accent_size":"16px","type_accent_transform":false,"type_accent_spacing":false,"share_facebook":true,"share_twitter":true,"share_pinterest":true,"social_sharing_style":"normal","checkout_header_image":"","checkout_logo_image":"","checkout_logo_position":"left","checkout_logo_size":"medium","checkout_body_background_image":"","checkout_body_background_color":"#fff","checkout_input_background_color_mode":"white","checkout_sidebar_background_image":"","checkout_sidebar_background_color":"#fafafa","checkout_heading_font":"Helvetica Neue","checkout_body_font":"Helvetica Neue","checkout_accent_color":"#767676","checkout_button_color":"#e42c00","checkout_error_color":"#e42c00","collections_center_grid_link":false,"sections":{"header":{"type":"header","settings":{"header_search_enable":true,"logo_max_width":"60","nav_below_logo":true,"left_aligned_logo":false,"show_header_lines":false}},"footer":{"type":"footer","blocks":{"footer-0":{"type":"blog","settings":{"blog":"news"}},"footer-1":{"type":"menu","settings":{"menu":"footer"}},"footer-2":{"type":"social","settings":{}},"footer-3":{"type":"newsletter","settings":{}}},"block_order":["footer-0","footer-1","footer-2","footer-3"],"settings":{"show_methods_of_payment":true}},"slider":{"type":"slider","blocks":{"slider-0":{"type":"image","settings":{}},"slider-1":{"type":"image","settings":{}},"slider-2":{"type":"image","settings":{}},"slider-3":{"type":"image","settings":{}}},"block_order":["slider-0","slider-1","slider-2","slider-3"],"settings":{"slider_autorotate":false,"slider_autorotate_rate":5,"slider_home_transition":"fade"}},"product-template":{"type":"product-template","settings":{"product_vendor_enable":true,"product_quantity_enable":false,"product_image_zoom_type":"lightbox","product_thumbnails_position":"right","show_extra_tab":false,"extra_tab_content":"","social_sharing":false}},"article-template":{"type":"article-template","settings":{"article_author_enable":false,"social_sharing":false}},"collection-template":{"type":"collection-template","settings":{"vendor_enable":false,"show_sale_circle":true,"show_sold_out_circle":true,"sort_enable":true,"tags_enable":true,"center_grid_link":false}},"collection-list":{"type":"collection-list","blocks":{"collection-list-0":{"type":"collection","settings":{}},"collection-list-1":{"type":"collection","settings":{}},"collection-list-2":{"type":"collection","settings":{}},"collection-list-3":{"type":"collection","settings":{}}},"block_order":["collection-list-0","collection-list-1","collection-list-2","collection-list-3"],"settings":{"title":"Collection list"}},"collection-list-1":{"type":"collection-list","blocks":{"collection-list-1-0":{"type":"collection","settings":{}},"collection-list-1-1":{"type":"collection","settings":{}},"collection-list-1-2":{"type":"collection","settings":{}},"collection-list-1-3":{"type":"collection","settings":{}}},"block_order":["collection-list-1-0","collection-list-1-1","collection-list-1-2","collection-list-1-3"],"settings":{"title":""}},"newsletter":{"type":"newsletter","settings":{"color_bg":"#eaebea"}}},"content_for_index":["slider","collection-list","collection-list-1","newsletter"]}}}